"","X","Name","Rating","RatingCount","BoughtCount","Price","DeliveryFree","festival","count"
"1",2,"Preserved Red Real Rose Valentines Day Gifts for Her Present,Romantic Valentines Day Gifts for Wife Gifts from Husband,to My Love Valentines Day Gifts for Her Unique （Ring&White）",4.6,380,"100-1000",59.97,"Delivery","Valentine's Day",100
"2",3,"Iefil Valentines Day Gifts for Her - 925 Sterling Silver Heart Initial Necklace, Anniversary Birthday Gifts for Women, Jewelry Gifts for Women Wife Girlfriend Mom",4.4,480,"100-1000",69.99,"Delivery","Valentine's Day",500
"3",4,"JOYIN 28 Packs Valentine's Day Gift Cards with Mini Bears Plush Toy Party Favors, Mini Stuffed Animal Plush Toys Plush Toy for Valentines Day Gifts, Kids Classroom School Exchange Prize (Brown Bear)",4.6,700,"100-1000",32.99,"Delivery","Valentine's Day",700
"4",5,"Valentines Day Gifts for Her, Him, Wife, Husband, Couple, I Love You Romantic Gifts for Boyfriend Girlfriend, Anniversary Perfect Gifts for Women Men, Handmade Crochet Pickle",4.8,39,"100-1000",9.99,"Delivery","Valentine's Day",700
"5",6,"Valentines Day Gifts for Her Him - Hand Massager with Compression & Heating,Birthday Gifts for Women Men Mom Dad,Gifts for Women Men Mom Dad Her Him Boyfrend Girlfriend(White)",4.1,3880,"Over 1000",29.98,"Delivery","Valentine's Day",5000
"6",7,"Iefil Valentines Day Gifts for Her - 925 Sterling Silver Rose Heart Initial Necklace, Anniversary Birthday Gifts for Women, Jewelry Gifts for Her Wife Girlfriend Mom Women",4.5,1905,"100-1000",69.99,NA,"Valentine's Day",300
"7",8,"Preserved Red Real Rose Valentines Day Gifts for Her Present,Romantic Valentines Day Gifts for Wife Gifts from Husband,to My Love Valentines Day Gifts for Her Unique （Ring&White）",4.6,380,"100-1000",59.97,NA,"Valentine's Day",100
"8",9,"Iefil Valentines Day Gifts for Her - 925 Sterling Silver Rose Heart Initial Necklaces, Anniversary Birthday Gifts for Women, Jewelry Gifts for Wife Girlfriend Mom Daughter Her",4.6,641,"Less than 100",59.99,NA,"Valentine's Day",50
"9",10,"Iefil Valentines Day Gifts for Her - 925 Sterling Silver Heart Initial Necklace, Anniversary Birthday Gifts for Women, Jewelry Gifts for Women Wife Girlfriend Mom",4.4,480,"100-1000",69.99,NA,"Valentine's Day",500
"10",12,"Valentines Day Gifts for Her, Fuzzy Socks for Women, Galentines Day Gifts, Christmas Stocking Stuffers Gifts for Women",4.7,36,"Over 1000",11.59,"Delivery","Valentine's Day",2000
"11",13,"Simple Modern Valentines Day 40 oz Tumbler with Handle and Straw Lid | Gift Insulated Reusable Stainless Steel Water Bottle Travel Mug Cupholder Use | Gifts for Women | Trek Collection | Red Hearts",4.8,35032,"Less than 100",29.99,"$9.59 delivery","Valentine's Day",NA
"12",14,"Valentines Day Gifts for Her Him, 40 Scratch Off Date Ideas Gifts for Boyfriend Girlfriend, Anniversary Birthday Engagement Couple Gifts Christmas Stocking Stuffers for Adults Men Women Husband Wife",4.8,10,"Over 1000",9.99,"Delivery","Valentine's Day",2000
"13",15,"Emotional Support V-Day Nugget Cards by Relatable, Valentine's Plush, Perfect Valentines Cards for Kids Classroom or Gift for Work Friends, Includes 10 Plushies with 10 Cards and a Carrying Case",4.8,3482,"Over 1000",14.99,"$7.86 delivery","Valentine's Day",2000
"14",17,"Iefil Valentines Day Gifts for Her - 925 Sterling Silver Rose Heart Initial Necklace, Anniversary Birthday Gifts for Women, Jewelry Gifts for Her Wife Girlfriend Mom Women",4.5,1905,"100-1000",69.99,"Delivery","Valentine's Day",300
"15",18,"Iefil Valentines Day Gifts for Her Wife - 925 Sterling Silver Double Birthstone Necklace, Anniversary Birthday Gifts for Women, Personalized Gifts, Jewelry Gifts for Mom Wife Girlfriend",4.7,26,"Less than 100",139.99,"Delivery","Valentine's Day",NA
"16",19,"JOYIN 24 Packs Valentine's Day Heart Cards with Plush Toy Party Favors, Mini Stuffed Animal Plush Toys Plush Toy for Valentines Day Gifts, Kids Classroom School Exchange Prize (brown bear)",4.5,144,"100-1000",29.99,"Delivery","Valentine's Day",300
"17",20,"Valentines Day Gifts for Her Him Kids Girlfriend Boyfriend Wife Mom Fiancée, Valentines Gifts for Women, Valentine's Day Teddy Bear - 10 Inches, Funny Cute Stuffed Animal Plush Present for Birthday",4.6,419,"100-1000",18.99,"Delivery","Valentine's Day",800
"18",21,"grace & stella Under Eye Patches - Valentines Day Gifts for Her (12 Pairs) Birthday Gifts for Women - Eye Patches for Puffy Eyes and Dark Circles - Vegan Eye Mask, Bachelorette Party Favors, Self Care",4.3,29197,"Over 10000",17.95,"Delivery","Valentine's Day",10000
"19",22,"LEGO Botanicals Bouquet of Roses Artificial Flowers - Fake Red Roses Building Sets for Adults, Ages 18+ - Gift for Valentines Day for Her and Him - DIY Kits for Home Decorations - 10328",4.9,3172,"Over 10000",59.87,"Delivery","Valentine's Day",10000
"20",23,"Lovely Taco Valentines Day Card for Him Her, Naughty Valentine's Day Gift for Husband Wife, Romantic Boyfriend Girlfriend Vday Card, To The Only Meat for My Taco",4.9,160,"Over 1000",5.99,"Delivery","Valentine's Day",1000
"21",24,"Preserved Red Real Rose-Eternal Flowers Rose Gifts for Women Her Mom Wife Girlfriend on Valentines Mothers Day with I Love You Necklace 100 Languages Engraved Acrylic Block Puzzle Piece",5,7,"Less than 100",49.98,"Delivery","Valentine's Day",NA
"22",25,"Gifts for Husband Valentines Day for Him Boyfriend, Funny Husband’s Ice Cream Shovel for Men Husband Dad Birthday, Father’s Day, Wedding Anniversary Presents To My Husband",4.6,137,"100-1000",7.99,"Delivery","Valentine's Day",500
"23",26,"Valentines Day Gifts for Her,12oz Novelty Coffee Mug Gifts for Girlfriend Besties Sisters Wife Best Friends,Thank You Gifts for Women Mom Grandma,Birthday Gifts for Women,Mothers Day Gifts for Mom",5,3,"Less than 100",7.98,"Delivery","Valentine's Day",NA
"24",27,"Valentines Day Flowers Roses Gifts for Women,Forever Preserved Roses in Glass Dome, Anniversary Thanksging Birthday Valentines Day Real Roses Gifts for Her Wife Mom Girlfrien/Purple",4.6,257,"100-1000",59.99,"Delivery","Valentine's Day",400
"25",28,"LEGO Valentine Lovebirds Building Toy Set - Fun and Engaging Build for Kids, Girls & Boys, Ages 8+ - Valentines Day Decoration and Gift - 40522",4.8,4352,"Over 1000",42.99,"$7.89 delivery","Valentine's Day",1000
"26",29,"Valentines Day Gifts for Him Her, Date Night Dice Couples Gift for Him Her, Dinner Decider Dice, Anniversary Birthday Valentines Day for Husband Wife Boyfriend Girlfriend Women Men",5,17,"Less than 100",6.79,"Delivery","Valentine's Day",NA
"27",30,"Tmacker Valentines Day Gifts for Her Wife Mom Girlfriend,Birthday Gifts for Women,Gifts for Mom Grandma Her Wife,Mothers Day Mom Gifts, Artificial Rose Flower w/Vase Anniversary Wedding Gifts",4.4,2502,"Over 1000",9.99,"Delivery","Valentine's Day",1000
"28",31,"Valentines Day Gifts for Her- Hand Made Rose Kitty Valentine Day Gifts for Kids - Artificial Teddy Bear Gift for Women, Mothers Day, Wedding and Anniversary, Birthday Present",5,9,"100-1000",23.99,"Delivery","Valentine's Day",800
"29",33,"Avidlove Lingerie for Women Lace Babydoll Sleepwear Boudoir Outfits Plus Size Langeray XS-5XL",4.5,45000,"100-1000",21.99,"Delivery","Valentine's Day",100
"30",34,"Valentines Day Gifts for Him Her Boyfriend Girlfriend Wife Husband Capsule DIY Letter Message in a Bottle, 100 PCS Love Letter Couples Gifts Mothers Day Anniversary Birthday Gifts for Women Mom Men",4.6,156,"Over 1000",9.99,"Delivery","Valentine's Day",1000
"31",35,"10 Pack Hand Cream for Dry Cracked Hands, Valentines Day Gifts for Her, Birthday Gifts for Women Girls,Teacher Appreciation Gifts, Natural Plant Fragrance Mini Hand Lotion Moisturizing Hand Care Cream",4.4,3712,"Over 10000",9.99,"Delivery","Valentine's Day",10000
"32",36,"Civaner Valentine Plush Stuffed Animal Bear Gift with Rose Valentine Funny Cute Stuffed Animal Plush Gift for Girlfriend Valentine's Day, 11.8 Inches(Beige)",3.8,237,"Over 1000",11.99,"Delivery","Valentine's Day",1000
"33",37,"Valentines Day Decor - Valentines Day Decorations - Valentines Day Gifts for Her, Teacher, Girls, Him - Wedding for Women - Valentines Day Couple Plush Gnomes Decorations for Home",4.7,723,"Over 1000",30.99,"Delivery","Valentine's Day",2000
"34",38,"Valentines Day Gem Gifts for Kids - 24 Pack Prefilled Valentine's Day Cards with Heart-shaped Gemstone for School Classroom Class Party Favor, Valentine Rock Crystal Gift Exchange for Boys Girls",4.3,17,"Over 1000",28.99,"Delivery","Valentine's Day",1000
"35",39,"24k Gold Rose Valentines Day Gifts for Her Women,Real Rose Dipped 24K Gold,Best Gifts for Valentines Day Christmas Birthday Anniversary for Women,Mom,Grandma(Red,Crystal Stand)",4.8,1359,"100-1000",51.99,"Delivery","Valentine's Day",300
"36",40,"Valentines Day Gifts for Her Him,Christmas,Anniversary, Wedding Perfect 40 Romantic Scratch Off Date Ideas Card Games Gifts, Fun & Adventurous Ideas for Newlywed, Boyfriend,Girlfriend Date Night",4.1,8,"Over 1000",9.99,"Delivery","Valentine's Day",1000
"37",41,"JIMBON Our Adventure Book Scrapbook Photo Album Retro Style Embossed Letter Cover Travel Diary Journal Scrap Book Kit For Couples,Memory Book For Anniversary Wedding,Valentines Day Gifts",4.7,1350,"Over 1000",25.99,"Delivery","Valentine's Day",5000
"38",42,"How to Catch a Loveosaurus: A Valentine's Day Adventure",4.7,647,"Less than 100",6.99,"$7.96 delivery","Valentine's Day",NA
"39",43,"Body Restore Shower Steamers Aromatherapy 6 Pack - Galentines, Valentines Day Gifts for Her and Him, Birthday Gifts for Mom, Best Friend, Travel Essentials, Stress Relief, Bath Bombs - Bloom",4.4,15113,"Over 10000",16.99,"Delivery","Valentine's Day",30000
"40",44,"40 Fun and Romantic Scratch Off Date Ideas for Him, Her, Girlfriend, Boyfriend, Wife, or Husband, Perfect for Datenight, Couples Gift for Valentine's Day, Anniversaries, Birthdays & More",4.5,2587,"Over 10000",16.99,"Delivery","Valentine's Day",30000
"41",45,"Happy Valentine's Day, Mouse! (If You Give...)",4.8,5774,"Less than 100",6.46,"$7.88 delivery","Valentine's Day",NA
"42",46,"Harvey The Heart Had Too Many Farts: A Rhyming Read Aloud Story Book For Kids And Adults About Farting and Friendship, A Valentine's Day Gift For Boys ... (Fart Dictionaries and Toot Along Stories)",4.8,3262,"Less than 100",11.99,"Delivery","Valentine's Day",NA
"43",47,"Valentines Day Gifts for kids: Would You Rathe?: Valentine's Day Edition: Over 200 Hilarious, Fun, and Cute Questions for Kids",4.1,4,"Less than 100",5.89,"Delivery","Valentine's Day",NA
"44",48,"Shower Steamers Aromatherapy - 18 Pack Shower Bombs Birthday Gifts for Women, Organic Essential Oils, Self Care Gifts for Women, Mom, Mens Valentines Day Gifts for Her Him",4.4,2974,"Over 10000",24.99,"Delivery","Valentine's Day",10000
"45",49,"Little Blue Truck's Valentine",4.9,11327,"Less than 100",9,"Delivery","Valentine's Day",NA
"46",50,"Llama Llama I Love You",4.8,11714,"Less than 100",4.89,"Delivery","Valentine's Day",NA
"47",51,"Candle Warmer Lamp with Timer Dimmer, Birthday Gifts for Mom Women Friends, Valentines Day Gifts for Her, House Warming Gift New Home Room Decor, Wax Melt Warmer with 2 Bulbs for Jar Candles",4.5,2923,"Over 1000",35.99,"Delivery","Valentine's Day",6000
"48",52,"Gifts for Women Wife-Tahitian-Black-Pearl-Necklace-Gift for Wife Wedding Birthday Anniversary Jewelry-Mom Girlfriend Her Mothers Day Gifts for Mom Women Valentines Day Christmas Day Gifts",4.6,199,"Over 1000",198.97,"Delivery","Valentine's Day",1000
"49",53,"Cleverfy Shower Steamers Aromatherapy - Variety Pack of 6 Shower Bombs with Essential Oils. Self Care Birthday Gifts for Women and Valentines Day Gifts for Her and Him. Purple Set",4.3,37279,"Over 10000",14.99,"Delivery","Valentine's Day",40000
"50",54,"24 Pack Valentines Day Gifts Cards with Heart Stress Balls Squishy Squeeze Toys Great for Adults Valentines Party Favors Valentine's Day Gifts",4.4,37,"Over 1000",15.99,"Delivery","Valentine's Day",2000
"51",55,"Valentines Day Gifts for Her Wife Girlfriend, Galentines Day Gifts,Christmas Birthday Gifts for Women Stocking Stuffers for Women,12 OZ Funny Coffee Mug,Mothers Day Mom Gifts for Mom from Daughter",4.8,398,"Over 1000",7.99,"Delivery","Valentine's Day",1000
"52",56,"Bee! Tender Tomato® Plushie, for Boyfriend, Girlfriend, Husband, Wife, Christmas, Birthday Gift for Mom, Dad, Kids | Valentines Day Gifts for Her or Him - Mini",4.8,40,"100-1000",2.99,"Delivery","Valentine's Day",700
"53",57,"24pcs Valentine's Day Gift Cards with Plush Bears Plush Toys Party Favors, Stuffed Animal Plush Toys Plush Toy for Kids Boys Girls Valentines Day Gifts Classroom School Exchange Prize",5,10,"Over 1000",19.99,"Delivery","Valentine's Day",1000
"54",58,"Valentines Day Gifts for Him Her, Gifts for Women Men, Anniversary Steel Food Decision Dice Couple Gifts Girlfriend Boyfriend Stocking Stuffers for Women Men Christmas Birthday Wedding Funny Gifts",4.7,211,"Over 1000",8.99,"Delivery","Valentine's Day",3000
"55",59,"30 Pack Valentines Day Gifts for Kids Classroom-Building Blocks,Valentines Day Cards with Animal Blocks for Boys Girls,Class Valentines Gifts Exchange, Party Favors.Valentines Goody Bag Filler",4.6,150,"Over 1000",28.99,"$8.65 delivery","Valentine's Day",2000
"56",60,"Gold Dipped Rose Real 24K Gold Rose, Genuine One of a Kind Rose Hand Dipped in 24K Golden Roses Romantic Gifts for Women in Her Birthday Anniversary Valentines Day Mothers Day",4.6,601,"100-1000",59.99,"Delivery","Valentine's Day",900
"57",61,"Gifts for Women, Mom, Wife, Girlfriend, Sister, Her - Happy Birthday, Christmas, Valentine's Day, Mothers Day Gifts - Lavender Spa Gift Basket Set",4.7,1497,"Over 1000",29.99,"Delivery","Valentine's Day",7000
"58",63,"Matching Couple Heart Keychain for Boyfriend Girlfriend Valentine's Day Gifts Stuff Him Friends Set Compatible with Lego Gift",4.7,880,"100-1000",6.98,"Delivery","Valentine's Day",500
"59",64,"Valentines Day Gifts for Him,Birthday Gifts for Men, Gifts for Him Boyfriend Husband Couple Fiance,Mens Gifts Ideas Romantic Bath Towels Funny Gifts for Anniversary Wedding Christmas Stocking Stuffers",4.8,21,"Less than 100",7.99,"Delivery","Valentine's Day",NA
"60",65,"Womens Gifts for Christmas, Valentines Day Gifts for Her Wife Girlfriend, for Mom from Daughter, Self Care Spa Gift Baskets for Women, Birthday Gifts for Women, Best Friend, Sister",4.8,1029,"Over 1000",19.99,"Delivery","Valentine's Day",1000
"61",66,"Infinity Heart Pendant Necklace for Women 925 Sterling Silver, Rose Gold Birthstone Necklace for Women, Anniversary Birthday Gifts for Her Wife Daughter Girlfriend Girls",4.4,73,"Less than 100",103.99,NA,"Valentine's Day",NA
"62",67,"CooCoCo Pink Heating Pad for Period Cramps, Valentines Day Gifts for Her, Cordless Waist Belt for Menstrual Cramp Relief, Fast Heat Pad with 4 Heat Levels 4 Vibration Levels",4.6,110,"Less than 100",23.99,NA,"Valentine's Day",NA
"63",68,"Valentines Day Gifts for Him, 40 Date Ideas Card Games for Couples Date Night - Unique Date Deck Scratch Off Cards, Great Couple Gifts for Boyfriend- Romantic Wedding for Him and Her",4.5,1388,"Over 1000",13.72,NA,"Valentine's Day",3000
"64",69,"Birthday Gifts for Women, Get Well Gifts for Women, Relaxing Spa Gifts Care Package with Luxury Flannel Blanket, Light-Up Rose Flower, Unique Self Care Gift Basket for Women, Mom, Wife, Friends",4.7,38,"100-1000",39.99,NA,"Valentine's Day",400
"65",71,"NOWWISH Heating Pad for Period Cramps Pain Relief, Portable Electric Cordless Menstrual Heating Pad Rechargeable with 6 Heat Levels and 6 Massage Modes, Valentines Day Gifts for Her Women Girls, Pink",4.3,62,"Less than 100",36.99,"Delivery","Valentine's Day",NA
"66",72,"Shower Steamers Aromatherapy BLRIET 8 Pack Gifts for Women Mom, Valentines Day Gifts for Her Stress Relief Home Spa, Birthday Gift Lavender Natural Essential Oil Self Care Relaxation Shower Bombs Teen",4.4,1833,"Over 10000",12.99,"Delivery","Valentine's Day",30000
"67",73,"NOWWISH Valentines Day Gifts for Him Her, Eye Massager with Heat - Smart Eye Mask for Relax Eye, Birthday Gifts for Women and Men - White",4.4,81,"Over 1000",59.99,"Delivery","Valentine's Day",3000
"68",74,"Iefil Valentines Day Gifts for Her - 925 Sterling Silver Rose Heart Birthstone Necklace Birthday Gifts for Women Anniversary Jewelry Gifts for Her Wife Mom Daughter",4.5,191,"Less than 100",139.99,"Delivery","Valentine's Day",NA
"69",75,"VELENTI® Valentines Day Gift Love Gift for Her, Him, Gifts for Her, Mom, Cute Anniversary Wedding Gifts, Romantic Gift for Girlfriend & Boyfriend, Wife, Gifts From Husband, Relationship Gifts Ideas, Decorative Pitchers",4.6,1526,"100-1000",7.87,"Delivery","Valentine's Day",900
"70",76,"Set of 24 Valentines Cards for Kids, Valentine's Day Gift with Keychain for Kids Party Favor, Classroom Exchange Prizes",5,6,"Less than 100",23.99,"Delivery","Valentine's Day",NA
"71",77,"Valentines Day Gifts for Kids - 24 Pack Erupting Volcano Science Kit with Valentine's Cards, STEM Projects Educational Toys for Boys Girls Toddler Classroom Exchange School Activities Party Favors",4.3,12,"Over 1000",37.09,"$9.59 delivery","Valentine's Day",1000
"72",78,"BRIGHTDECK 2 Pack Heart Neon Signs, LED Pink Heart Neon Lights Battery Operated or USB Powered Decoration Lamp, Neon Lights Heart Decor for Valentine's Day Gifts, Wedding, Party, Pink Room Decor",4.6,99,"Over 1000",19.99,"Delivery","Valentine's Day",1000
"73",79,"Valentines Day Gifts for Him-Massage Gun Birthday Gifts for Women/Men - Portable Super Quiet Electric Percussion Muscle Massager,Gifts for Her/Him",4.5,3323,"100-1000",38.99,"Delivery","Valentine's Day",300
"74",80,"HHUQ Slippers and Socks Gifts for Women,Christmas Birthday Valentine's Day Gift Baskets for Women Mom Wife Girlfriend Sister Her",4.5,85,"Over 1000",14.99,"Delivery","Valentine's Day",1000
"75",81,"28 Pack Hand Cream Set-Valentines Day Gifts for Her,Women Gifts for Birthday,Bridesmaid Gifts Teacher Appreciation Gifts Nurse Gifts,Bulk Birthday Gifts Travel Size Hand Lotion for Dry Cracked Hands",4.6,3455,"Over 1000",14.99,"Delivery","Valentine's Day",9000
"76",82,"Kitsch Ice Roller for Face & Eye Puffiness, Cold Skin Care for Facial Lymphatic Drainage, Dark Circles & Migraine Relief, Self Tool for Wrinkles, Valentines Day Gifts for Women Face Massager (Pink)",4.5,2276,"Over 1000",17.99,"$7.99 delivery","Valentine's Day",4000
"77",83,"Valentines Day Gifts for Her, Funny 12 OZ Coffee Mug Gifts for Girlfriend Wife from Boyfriend Husband Him, Cute Stuff for Women Her, Naughty Valentines Presents Gift Ideas",4.7,158,"100-1000",6.49,"Delivery","Valentine's Day",400
"78",85,"Shower Steamers Aromatherapy Birthday Gifts for Women - SWCANDY 8 Pcs Valentines Day Gifts for Her Mom Men Teen Adults Bath Bombs Self Care with Natural Essential Oils Relaxation Home SPA Mothers Day",4.3,4337,"Over 10000",9.99,"Delivery","Valentine's Day",20000
"79",86,"Valentines Day Gifts for Him Her,Gift for Women Men,Massage Oil for Massage Therapy,Lymphatic Drainage-Ginger Oil Sore Muscle Arnica Oil &Lavender Oil Relaxing Massage Oils for Date Night,Massage Ball",4.6,3567,"Over 1000",14.99,"Delivery","Valentine's Day",6000
"80",87,"Iefil Valentines Day Gifts for Her - 925 Sterling Silver Birthstone Necklace, Heart Necklaces for Women, Anniversary Birthday Gifts for Women, Jewelry Gifts for Women Wife Girlfriend",4.7,16,"Less than 100",129.99,"Delivery","Valentine's Day",NA
"81",88,"Valentine's Day Gifts for her gifts for wife gifts Women Anniversary Birthday Day Gifts for Girlfriend gifts on Christmas Day Gifts Mothers Day Gifts for Mom 25th 30th 40th 50th 60th gifts",4.4,14,"Less than 100",219.97,"Delivery","Valentine's Day",NA
"82",89,"Iefil Valentines Day Gifts for Her - 925 Sterling Silver Rose Heart Initial Necklaces, Anniversary Birthday Gifts for Women, Jewelry Gifts for Wife Girlfriend Mom Daughter Her",4.6,641,"Less than 100",59.99,"Delivery","Valentine's Day",50
"83",90,"Becokan Beach Bag Personalized Valentines Day Birthday Gifts for Women Her Initial Travel Beach Tote Bag with Makeup Bag",4.8,50,"Less than 100",25.99,"Delivery","Valentine's Day",NA
"84",92,"EBMORE Womens Fuzzy Socks Slipper Soft Cabin Plush Warm Fluffy Winter Sleep Cozy Adult Socks",4.7,3625,"Over 1000",14.99,"Delivery","Valentine's Day",5000
"85",93,"28 pcs Valentines Day Gifts for Kids-Valentines Day Cards for Kids School classroom,valentines heart Crystals with Cards,valentine exchange party favors for kids boys girls,Valentines goody bag filler",4.7,9,"Over 1000",23.99,"Delivery","Valentine's Day",1000
"86",94,"Drive Safe Keychains for Boyfriend Husband Gifts Birthday or Anniversary Presents for Husband Wife Girlfriend Family",4.6,693,"Over 1000",6.99,"Delivery","Valentine's Day",4000
"87",95,"S925 Necklace Gift for Wife, Compass Jewelry Women Wedding Anniversary, Sterling Silver Girlfriend Birthday Gifts for Her, Girls Necklaces for Daughter Valentines Day Mom Mothers Day, I'd be Lost without You",4.6,825,"Less than 100",129.99,"Delivery","Valentine's Day",50
"88",96,"Heating Pad for Neck and Shoulders and Back, Valentines Day Gifts for Her Him, Birthday Gifts for Women Mom Mother, Weighted Neck and Shoulder Heating Pads, 6 Heat Settings 4 Auto-Off,17""x23"" Blue",4.4,1629,"Less than 100",35.98,"Delivery","Valentine's Day",NA
"89",97,"MAIBAOTA 60 mm Rose Quartz Crystals Heart Stone Valentines Day Gifts for Her Women Crystal Gifts for Women Natural Reiki Gemstone Polished Heart Shaped Rocks Meditation",4.5,215,"100-1000",13.98,"Delivery","Valentine's Day",300
"90",98,"Valentines Day Gifrs for Her, Rose Bear Gifts for Girlfriend Women, Valentines Rose Teddy Bear Birthday Gifrs for Mom Wife Daughter,Glass Rose Beauty and The Beast Rose Colorful Rainbow Light Up Rose",4.6,366,"Less than 100",36.99,"Delivery","Valentine's Day",NA
"91",99,"The Berenstain Bears' Valentine Blessings: A Valentine's Day Book For Kids (Berenstain Bears/Living Lights: A Faith Story)",4.8,1174,"Less than 100",4.19,"Delivery","Valentine's Day",NA
"92",100,"Valentines Day Gifts: Valentine Joke Book For Kids: Interactive Jokes For Boys And Girls",4.5,40,"Less than 100",5.99,"Delivery","Valentine's Day",NA
"93",101,"Lighter Electric Candle Lighter, Valentines Day Gifts for Her/Him, Women/Mens Valentines Gifts, Birthday for Women Men Mom Wife Sister, Rechargeable USB Lighter Arc Lighters for Candle Camping",4.4,19970,"Over 10000",13.99,"Delivery","Valentine's Day",10000
"94",102,"Gifts for Her Him - Wedding Gifts for Couples, Gifts for Wife Husband, I Love You Gifts for Women Men, Romantic Valentine's Day Gifts, You are My Missing Piece Acrylic Puzzle Plaque",4.7,9,"100-1000",6.99,"Delivery","Valentine's Day",200
"95",103,"Valentine's Day Gifts for Kids- 24 Sets of Butter Slime with Valentine's Day Card, School Classroom Valentine's Gifts Exchange, Valentine's Party Favors for Kids, Valentine’s Greeting Cards",4.5,38,"100-1000",27.99,"Delivery","Valentine's Day",700
"96",104,"Preserved Red Real Rose Valentines Day Gifts for Her Present,Romantic Valentines Day Gifts for Wife Gifts from Husband,to My Love Valentines Day Gifts for Her Unique （Ring&White）",4.6,380,"100-1000",59.97,"Delivery","Valentine's Day",100
"97",105,"Conversation Cards - Couple Card Game for Date Nights & Travel Adventures | Great Valentine's Gift for Couples - 200 Questions & 2 Wild Cards - Dive into Deeper Bonds!",4.6,235,"Over 1000",17.99,"Delivery","Valentine's Day",1000
"98",106,"iWenSheng Drive Safe Keychain for Boyfriend - Drive Safe Handsome I Need You Here With Me Keyring Birthday Valentine’s Day Gifts for Him Boyfriend Husband Gifts",4.7,4463,"Over 1000",7.98,"Delivery","Valentine's Day",6000
"99",107,"Ekouaer Womens Satin Silky Pajama Set Short Sleeve Shirt with Long Pajama Pant Set Soft PJ Loungewear",4.4,7095,"100-1000",30.98,"Delivery","Valentine's Day",200
"100",108,"Valentines Cards for Kids Classroom - 30 Pack Pop Fidget Valentines Day Gifts for Kids - Valentines Day Cards - Valentine Exchange for Girls Boys School Classroom Gift",4.6,10,"Less than 100",10.99,"Delivery","Valentine's Day",NA
"101",109,"Couples Matching Stuff Gifts - Red Heart Keychain, Matching Couple Heart Keychains Decorations Christmas Valentines Day Gifts for Boyfriend Girlfriend",5,3,"100-1000",2.99,"Delivery","Valentine's Day",200
"102",110,"My Fuzzy Valentine (Sesame Street)",4.6,2842,"Less than 100",5.39,"Delivery","Valentine's Day",NA
"103",111,"Valentines Day Gifts for Her, 8 PCS Romantic Gift Set Includes 20 oz Tumbler with Lid Straw Brush Rose Flower Socks Bracelet Thanks Card Gift Box",4.7,384,"100-1000",16.89,"Delivery","Valentine's Day",100
"104",112,"Isner Mile Beard Kit for Men, Grooming & Trimming Set with Beard Shampoo Wash, Beard Oil, Balm, Brush, Comb, Scissors & Storage Bag, Birthday Gifts Valentines Day Gifts for Him Dad Men Boyfriend",4.6,22926,"Over 10000",20.46,"Delivery","Valentine's Day",10000
"105",114,"Valentines Day Gifts for Kids - 24 Pack Valentine‘s Day Cards with Emoticon Dolls Keychains for 5,4,3th Graders Teens Boys Girls, Unique Toys for School Classroom Class Party Favor",4.9,18,"Over 1000",21.59,"Delivery","Valentine's Day",1000
"106",115,"Valentines Day Gifts for Him Husband Boyfriend, Stocking Stuffers Birthday Christmas Gifts for Men Boys Teens Adults",4.7,723,"Over 1000",2.99,"Delivery","Valentine's Day",4000
"107",116,"iJuqi Mother's Day Gifts from Daughter Son for Mom Birthday Valentine's Day Christmas Gifts Mom Keychain Mother Keyring",4.9,277,"Over 10000",7.98,"Delivery","Valentine's Day",10000
"108",117,"Can't Help Falling in Love Wood Music Box, Antique Engraved Musical Boxes Case for Love One Wooden Music Box - Gifts for Lover, Boyfriend, Girlfriend, Husband, Wife (BLACK)",4.3,7078,"Over 1000",12.88,"Delivery","Valentine's Day",5000
"109",119,"Anlisim Womens Fuzzy Socks Cozy Fluffy Winter Cabin Slipper Warm Fleece Soft Thick Comfy Socks",4.7,1699,"Over 1000",14.99,"Delivery","Valentine's Day",3000
"110",120,"Valentines Day Cards for Kids School - Valentines Gifts for Kids - 36 Valentine Cards with Shoe Charms Bulk - Funny Valentine Exchange Card for Boys Girls Toddler Class Classroom Gift Party Favors",4.1,6,"Over 1000",23.39,"Delivery","Valentine's Day",1000
"111",121,"SATINIOR 4 Pairs Valentine's Day Cupcake Socks Gifts for Women Girl Fuzzy Fluffy Sock DIY Present Socks Birthday Gifts",4.6,224,"100-1000",11.95,"Delivery","Valentine's Day",300
"112",122,"Construction Site: You're Just Right: A Valentine Lift-the-Flap Book (Goodnight, Goodnight, Construc)",4.9,519,"Less than 100",7.5,"Delivery","Valentine's Day",NA
"113",126,"Valentines Day Gifts for Her Womens Fuzzy Socks Warm Fluffy Cozy Winter Slipper Thick Fleece Heart Socks 5 Pairs",4.5,21,"100-1000",14.99,"Delivery","Valentine's Day",500
"114",127,"2 Pairs Magnetic Holding Hands Socks Funny Gifts For Couples, Anniversary, Best Friends, Engagements, Teens",4.5,1345,"Over 1000",14.98,"Delivery","Valentine's Day",7000
"115",128,"Valentines Day Gifts for Kids- 12 Pack Valentines Cards with Sunglasses-Valentine Sunglasses Favor for Boys Girl, Valentine Exchange Gifts, Valentine School Classroom Party Supplies",4.8,7,"100-1000",14.99,"Delivery","Valentine's Day",800
"116",129,"Shower Steamers Aromatherapy - 21Pcs Shower Bombs Birthday Gifts for Women Essential Oil, Nasal Relief, Self Care Spa Gifts for Women, Valentines Day Gifts for Her, Mom, Wife",4.2,1722,"Over 1000",15.99,"Delivery","Valentine's Day",2000
"117",130,"DAZONGE 24Packs Lucky Duck Valentines Cards for Kids, Multi-colored Valentine's Day Gift Tags with Rubber Ducks, Valentine’s Day Cards for Kids School Exchange Activity",4.8,18,"Over 1000",23.99,"$8.54 delivery","Valentine's Day",1000
"118",131,"LOVCAS Christmas Rose Gifts,Gifts for Women Preserved Rose Gift for Girlfriend Rose Necklace in 100 Languages Valentine's Day Gifts for Her Valentines Decor,Birthday Women Gifts(Blue-1)",4.3,83,"Less than 100",29.99,"Delivery","Christmas",NA
"119",133,"Bath and Body Gift Basket For Women and Men – 9 Piece Set of Vanilla Coconut Home Spa Set, Includes Fragrant Lotions, Extra Large Bath Bombs, Coconut Oil, Luxurious Bath Towel & More",4.5,8977,"Over 10000",33.48,"Delivery","Christmas",30000
"120",134,"Gifts for Grandma from Granddaughter - Candle Holder Statue W/Flickering LED Candle, Gigi Grandmother Birthday Gift, Unique Nana Present Ideas for Christmas, +Greeting Card, Hand-Painted, by OakiWay",4.8,2530,"Less than 100",29.7,"Delivery","Christmas",NA
"121",135,"BOB AND BRAD Foot Massager with Heat and Remote, Christmas Gifts for Women Men, FSA HSA Eligible, Shiatsu Deep Kneading Electric Feet Massager Machine for Plantar Fasciitis, Men Size 12",4.3,650,"Over 1000",119.99,NA,"Christmas",4000
"122",136,"Snailax Heating Pad for Back Pain Relief, Christmas Gifts, FSA HSA Eligible, Large Heating Pad for Neck Shoulders Back, Neck Warmer Weighted Wearable Back Heated Pad, Auto Shut Off(Black)",4.5,644,"Less than 100",39.99,NA,"Christmas",NA
"123",137,"Body Restore Shower Steamers Aromatherapy - 15 Count - Christmas Gifts for Women, Stocking Stuffers, Birthday Gifts for Mom, White Elephant Gift, Travel Essentials, Self Care - Amore",4.4,1446,"100-1000",24.99,NA,"Christmas",400
"124",138,"Burt's Bees Christmas Stocking Stuffers Gift Set - 6 Classic Products",4.7,86202,"Over 10000",22.61,NA,"Christmas",10000
"125",140,"Stanley Quencher H2.0 Tumbler with Handle & Straw 30 oz | Twist On 3-Way Lid | Cupholder Compatible for Travel | Insulated Stainless Steel Cup | BPA-Free | Almond Rose",4.6,51556,"Over 10000",35,"Delivery","Christmas",20000
"126",141,"AERLANG Shiatsu Back and Neck Massager, Back Massager Deep Tissue Kneading Massager Neck and Shoulder Massager with Heat, Electric 4D Massage Pillow Fathers Day Dad Gifts from Daughter(NOT Cordless)",4.3,1339,"Over 10000",35.99,"Delivery","Christmas",50000
"127",142,"Gifts for Women, Mom, Wife, Girlfriend, Sister, Her - Happy Birthday, Christmas, Valentine's Day, Mothers Day Gifts - Lavender Spa Gift Basket Set",4.8,1482,"Over 10000",29.99,"Delivery","Christmas",10000
"128",143,"Coffee Mug Warmer, Cup Warmer for Desk with Auto Shut Off, 3 Temp Settings, Mug Warmer for Coffee, Beverage, Milk, Tea, Coffee Warmer Plate in Your Home & Office, Gift (No Cup)",4.1,386,"Over 1000",16.99,"Delivery","Christmas",8000
"129",145,"Body Restore Shower Steamers Aromatherapy 6 Pack - Christmas Gifts for Women, Stocking Stuffers, Birthday Gifts for Mom, White Elephant Gift, Travel Essentials, Bath Bombs - Bloom",4.4,15030,"Over 10000",16.99,"Delivery","Christmas",60000
"130",146,"Shiatsu Foot Massager Machine with Heat, Foot and Calf Massager with Massage Roller, Deep Tissue Massager for Foot Massage and Calf Massage, Gifts for Mom & Dad",4.2,2567,"Over 1000",33.99,"Delivery","Christmas",8000
"131",147,"XXXFLOWER Plant Terrarium with Wooden Stand, Air Planter Bulb Glass Vase Metal Swivel Holder Retro Tabletop for Hydroponics Home Garden Office Decoration - 3 Bulb Vase",4.6,13709,"Over 10000",13.84,"Delivery","Christmas",30000
"132",148,"Hamilton Beach Dual Breakfast Sandwich Maker with Timer, Silver (25490A)",4.6,24250,"Over 10000",42.99,"Delivery","Christmas",20000
"133",149,"Heating Pad for Back Pain Cramps Relief - Electric Heating Pad for Neck/Shoulder/Muscle Pain - 6 Heat Settings, Auto Off, Moist Heat Options, Machine Washable, Christmas Gifts for Women,Mom,Sister -XL",4.5,4939,"Less than 100",21.85,"Delivery","Christmas",NA
"134",150,"THE COMFY Original | Sherpa Lined Microfiber Fleece Wearable Blanket, Oversized Design with Hood and Pocket, from Shark Tank, for Women & Men, Warm and Cozy Gifts",4.8,91982,"Over 10000",49.99,"Delivery","Christmas",10000
"135",151,"Mo Cuishle Shiatsu Back Shoulder and Neck Massager with Heat, Electric Deep Tissue 4D Kneading Massage, Best Gifts for Women Men Mom Dad, Fathers Day, Mothers Day, Christmas Gifts",4.4,25987,"Over 10000",49.99,"Delivery","Christmas",20000
"136",152,"Mama Pink Wearable Blanket Hoodie - Mom Christmas Gifts - Birthday Gifts for Mom from Daughter Son - Wife Birthday Gifts, Gifts for Wife from Husband",4.7,216,"Over 1000",49.95,"Delivery","Christmas",1000
"137",153,"ANWEAO Mothers Day Birthday Gifts for Her Preserved Real Rose in Angel Glass Crystal Angel Figurines,The Best Mothers Day Christmas Anniversary Birthday Gift for Mum Wife (pink)",4.2,63,"Less than 100",35.99,"Delivery","Christmas",NA
"138",154,"Burt's Bees Christmas Gifts, 6 Skincare Stocking Stuffers Products, Tips & Toes Set - Pomegranate Lip Balm, Almond Milk & Honey Hand Creams, Coconut Foot Cream, Lemon Butter Cuticle Cream & Hand Salve",4.7,86202,"Over 10000",12.59,"Delivery","Christmas",10000
"139",155,"Crock-Pot 20-Ounce Electric Lunch Box, Portable Food Warmer, Blush Pink | Perfect for Travel, Car, On-the-Go | Spill-Free, Dishwasher-Safe",4.6,8577,"Over 10000",29.99,"Delivery","Christmas",20000
"140",156,"Nostalgia Tabletop Indoor Electric S'mores Maker - Smores Kit With Marshmallow Roasting Sticks and 4 Trays for Graham Crackers, Chocolate, and Marshmallows - Movie Night Supplies - Brown",4.4,18243,"Over 10000",23.99,"Delivery","Christmas",20000
"141",157,"CINCOM Hand Massager - Cordless Hand Massager with Heat and Compression for Arthritis and Carpal Tunnel(FSA or HSA Eligible) (White)",4.2,10646,"Over 10000",78.98,"Delivery","Christmas",10000
"142",158,"BOB AND BRAD Foot Massager with Heat and Remote, Christmas Gifts for Women Men, FSA HSA Eligible, Shiatsu Deep Kneading Electric Feet Massager Machine for Plantar Fasciitis, Men Size 12",4.3,650,"Over 1000",119.99,"Delivery","Christmas",4000
"143",159,"TOPDesign Personalized Initial Jute/Canvas Beach Bag, Monogrammed Gift Tote Bag for Women",4.8,8663,"100-1000",16.99,"Delivery","Christmas",400
"144",160,"Birthday Gifts for Women, Self Care Gifts, Unique Relaxing Spa Gift Basket with Luxury Flannel Blanket, Gifts for Women, Mom, Friends, Sister, Grandma, Wife, Christmas, Mothers Day, Valentines Day",4.6,115,"Over 1000",35.99,"Delivery","Christmas",2000
"145",161,"Gifts for Men Women, Phone Stand with Bluetooth Speaker, HD Surround Sound Speaker, Compatible with All iPhone/Android Phones iPad Kindle, Cool Gadget Gift for Men Women Dad Mom Christmas Birthday",4.5,172,"Over 1000",18.99,"Delivery","Christmas",4000
"146",162,"Homedics Tabletop Water Fountain, Home Décor Soothing Sound Machine - Automatic Pump, Deep Basin & Natural River Rocks. Indoor Zen Relaxation for Office, Living Room, or Bedroom, 8.25” Tall",4.2,42362,"Over 10000",29.99,"Delivery","Christmas",10000
"147",163,"Solar Lanterns Outdoor Waterproof Hummingbird Garden Decor Christmas Gifts for Women Mom Grandma Hanging Solar Lights Metal Solar Decoration Outside for Yard, Patio,Backyard,Porch",4.5,552,"Over 1000",26.99,"Delivery","Christmas",6000
"148",165,"Boriwat Back Massager with Heat, Massagers for Neck and Back, 3D Kneading Massage Pillow for Back, Neck, Shoulder, Leg Pain Relief, Gifts for Men Women Mom Dad, Stress Relax at Home Office and Car",4.2,9803,"Over 1000",59.99,"Delivery","Christmas",7000
"149",166,"Mo Cuishle Shiatsu Neck and Shoulder Massager with Heat – Deep Kneading Massage for Relaxation – Ideal for Christmas, Mother's Day, Father's Day, and Valentine's Day Gifts for Men, Women, Mom and Dad",4.4,17868,"Over 10000",48.99,"Delivery","Christmas",10000
"150",167,"TEEZWONDER Gifts For Mom From Daughter Son - Mothers Day, Christmas, Valentines Day, Birthday Gifts For Mom, Mother Gifts, Mom Gifts Idea, First Mom, New Mom Gifts - Mom 20 Oz Laser Engraved Tumbler",4.7,708,"100-1000",19.95,"Delivery","Christmas",300
"151",168,"Nextmug - Temperature-Controlled, Self-Heating Coffee Mug (Black - 14 oz.)",4.2,3848,"Over 10000",99.95,"Delivery","Christmas",10000
"152",169,"Bluetooth Speaker, IPX5 Waterproof Speaker with HD Sound, Up to 20H Playtime, TWS Pairing, BT5.3, Portable Wireless Speakers for Home/Party/Outdoor/Beach, Electronic Gadgets, Birthday Gift (Red)",4.4,19486,"Over 1000",23.99,"Delivery","Christmas",3000
"153",170,"COMFIER Shiatsu Foot Massager with Heat, Vibration,Rolling Compression Feet Massager Machine,Gifts for Her,Him Fits Size up to 13“ Multiple Modes",4.4,1833,"Over 1000",79.99,"Delivery","Christmas",6000
"154",171,"Nacome Solar Garden Outdoor Statues Turtle with Succulent and 7 LED Lights - Lawn Decor Tortoise Statue for Patio, Balcony, Yard Ornament - Unique Housewarming Gifts",4.4,13990,"Over 10000",27.5,"Delivery","Christmas",10000
"155",172,"Stanley Classic Beer Stein with Big Grip Handle, Beer Party Mug and Tumbler, 24 oz",4.8,10478,"Over 10000",25,"Delivery","Christmas",10000
"156",173,"Wrapping Paper Organizer Storage for Christmas Gifts Wrapping Paper (6 Colors) Underbed Storage Container with Interior Pockets, Fits 24 Rolls",4.6,6144,"Over 10000",24.99,"Delivery","Christmas",20000
"157",174,"Leafael Necklaces for Women, Infinity Love Heart Pendant with Birthstone Crystals, Jewelry Gifts for Wife, Silver Plated 18 + 2 inch Chain, Birthday or Chrismas Holiday Gift for Her, Mom, Girlfriends",4.6,25692,"100-1000",39.99,"Delivery","Christmas",500
"158",175,"Shower Steamers Aromatherapy Birthday Gifts for Women - SWCANDY 8 Pcs Valentines Day Gifts for Her Mom Men Teen Adults Bath Bombs Self Care with Natural Essential Oils Relaxation Home SPA Mothers Day",4.3,4305,"Over 10000",9.99,"Delivery","Christmas",30000
"159",176,"Heating Pad for Neck and Shoulders, NIUONSIX Valentines Day Gifts for Her Him Women Mom Wife Men Dad, Weighted Electric Heating Pad for Back Pain Relief 6 Heat Settings 4 Timers Auto Off, Blue",4.5,7158,"Less than 100",29.99,"Delivery","Christmas",NA
"160",177,"Eddie Bauer - Throw Blanket, Super Soft Reversible Sherpa Fleece Bedding, Ideal Christmas & White Elephant Gifts, Cozy Plaid Throw Blankets for Couch (Edgewood Red, Throw)",4.6,7026,"Over 1000",15.3,"Delivery","Christmas",7000
"161",178,"Shower Steamers Aromatherapy BLRIET 8 Pack Gifts for Women Mom, Valentines Day Gifts for Her Stress Relief Home Spa, Birthday Gift Lavender Natural Essential Oil Self Care Relaxation Shower Bombs Teen",4.4,1748,"Over 10000",9.99,"Delivery","Christmas",70000
"162",179,"Whiskey Smoker Kit with Torch - 6 Flavors Wood Chips, 2 Glasses, 2 Ice Ball Molds - Cocktail Smoker Infuser Kit, Old Fashioned Drink Smoker Kit, Birthday Bourbon Whiskey Gifts for Men,Dad(NO Butane)",4.6,1520,"Over 10000",47.99,"Delivery","Christmas",10000
"163",181,"Cleverfy Shower Steamers Aromatherapy - Variety Pack of 6 Shower Bombs with Essential Oils. Self Care Birthday Gifts for Women and Valentines Day Gifts for Her and Him. Purple Set",4.3,37216,"Over 10000",12.99,"Delivery","Christmas",70000
"164",182,"Candle Warmer Lamp with Timer Dimmer, Birthday Gifts for Mom Women Friends, Valentines Day Gifts for Her, House Warming Gift New Home Room Decor, Wax Melt Warmer with 2 Bulbs for Jar Candles",4.5,2946,"Over 10000",35.99,"Delivery","Christmas",10000
"165",183,"Bluetooth Speaker with HD Sound, Portable Wireless, IPX5 Waterproof, Up to 20H Playtime, TWS Pairing, BT5.3, for Home/Party/Outdoor/Beach, Electronic Gadgets, Birthday Gift (Black)",4.4,19486,"Over 10000",19.99,"Delivery","Christmas",10000
"166",184,"UGG Women's Scuffette II Slipper",4.7,21837,"Over 1000",94.95,"Delivery","Christmas",6000
"167",185,"Eddie Bauer - Throw Blanket, Super Soft Reversible Sherpa Flannel Bedding, Ideal Christmas & White Elephant Gifts, Cozy Plaid Throw Blankets for Couch (Cabin Plaid Red, Throw)",4.6,8927,"Over 1000",14.59,"Delivery","Christmas",8000
"168",186,"Toysmith Tech Gear Multi Voice Changer – Amplifies Voice with 8 Fun Effects, Fun Toy or Gift for Kids Ages 5+- Christmas Gifts, Stocking Stuffer, 6.5”, Colors May Vary",4.1,16931,"Over 10000",16.99,"Delivery","Christmas",50000
"169",187,"Crystal Tree of Life 7 Chakra Healing Crystal Trees for Home Decor, Office Desk Decor, Living Room Decor, Handmade Bonsai Trees for Positive Energy, Money, Good Luck Birthday Gifts for Women, Mom",4.7,1026,"Over 10000",26.98,"$8.07 delivery","Christmas",10000
"170",188,"Krifey Wearable Blanket Hoodie, Oversized Sherpa Hooded as Birthday Gifts Christmas Gifts for Mom Women Girlfriend Men, Cozy Sweatshirt with Giant Pocket",4.8,5343,"Over 10000",29.99,"Delivery","Christmas",10000
"171",189,"TUKUOS Telescoping Back Scratcher with 4Pcs Detachable Scratching Heads, Stocking Stuffers for Men Back Scratcher for Men/Women,White Elephant Gifts for Adults Christmas Gifts for Men Women",4.6,7888,"Over 10000",9.98,"Delivery","Christmas",30000
"172",190,"MORECOO Womens Socks Winter - Christmas Gifts & Stocking Stuffers for Women - Thick Wool Soft Warm Cozy Crew Socks for Women",4.6,19934,"Over 1000",8.49,"Delivery","Christmas",6000
"173",191,"Burt's Bees Lip Balm Stocking Stuffers, Moisturizing Lip Care Christmas Gifts, SuperFruit - Pomegranate, Coconut & Pear, Mango, Pink Grapefruit, Natural Origin Treatment (4-Pack)",4.8,24615,"Over 10000",9.97,"Delivery","Christmas",30000
"174",192,"Heating Pad for Back Pain Cramps Relief, ZUODUN Electric Heating Pads for Neck/Shoulder/Leg with Auto Shut Off Large, 6 Heat Settings & Moist Heat Options, Christmas Gifts for Women, Men, Mom, Dad",4.5,682,"Less than 100",17.99,"Delivery","Christmas",NA
"175",193,"COMFIER Electric Cordless Hair Scalp Massager with Kneading 84 Massage Nodes, Handheld Portable Head Scratcher Massager for Hair Growth, Deep Clean, Christmas Gifts for Women Men Mom Dad",4.5,7125,"Over 1000",32.27,"Delivery","Christmas",5000
"176",194,"Shower Steamers Aromatherapy - 18 Pack Shower Bombs Birthday Gifts for Women, Organic Essential Oils, Self Care Gifts for Women, Mom, Mens Valentines Day Gifts for Her Him",4.4,2941,"Over 10000",24.99,"Delivery","Christmas",30000
"177",195,"Mo Cuishle Shiatsu Neck and Shoulder Massager with Heat – Deep Kneading Massage for Relaxation – Ideal for Christmas, Mother's Day, Father's Day, and Valentine's Day Gifts for Men, Women, Mom and Dad",4.4,17868,"Over 10000",48.99,"Delivery","Christmas",10000
"178",196,"ANWEAO Preserved Flowers Birthday Gifts for Her Preserved Real Rose in Angel Glass Crystal Angel Figurines for Her Ideal Birthday,Mother's Day,Wedding,Valentine's Day,Thanksgiving Day,Christmas",4.2,63,"Less than 100",35.99,"Delivery","Christmas",NA
"179",197,"TRAVANDO Swype Slim Wallet for Men Metal RFID Blocking Mens Wallet Card Case",4.4,3855,"Over 1000",34.95,"Delivery","Christmas",3000
"180",198,"TOPDesign Personalized Initial Jute/Canvas Beach Bag, Monogrammed Gift Tote Bag for Women",4.8,8663,"100-1000",16.99,"Delivery","Christmas",400
"181",199,"Nacome Solar Garden Outdoor Statues Turtle with Succulent and 7 LED Lights - Lawn Decor Tortoise Statue for Patio, Balcony, Yard Ornament - Unique Housewarming Gifts",4.4,13990,"Over 10000",27.5,"Delivery","Christmas",10000
"182",200,"Body Restore Shower Steamers Aromatherapy 15 Pack - Christmas Gifts for Women, Stocking Stuffers, Birthday Gifts for Mom, White Elephant Gift, Travel Essentials, Self Care - Eucalyptus",4.3,22282,"Over 10000",24.99,"Delivery","Christmas",50000
"183",201,"LEGO Botanicals Bouquet of Roses Artificial Flowers - Fake Red Roses Building Sets for Adults, Ages 18+ - Gift for Valentines Day for Her and Him - DIY Kits for Home Decorations - 10328",4.9,3139,"Over 10000",59.95,"Delivery","Christmas",10000
"184",203,"Ufree Beard Trimmer for Men, Waterproof Electric Razor for Nose, Body, Face and Mustache, Cordless Hair Clippers Shavers for Men Grooming Kit, Gifts for Men Husband Father",4.3,17759,"Over 10000",28.49,"Delivery","Christmas",40000
"185",204,"Gift Set For Women, Spa Luxetique Bath Sets for Women Gift, 8 Pcs Rose Spa Basket Includes Bubble Bath, Shower Gel, Body Lotion, Birthday Spa Gifts, Mothers Day Gifts for Mom",4.6,11474,"Over 1000",23.6,"Delivery","Christmas",6000
"186",205,"Romantic Couple Gifts - Fun & Adventurous Scratch Off Date Night Ideas Card Game - Special for Couple: Birthday Gifts for Boyfriend, Girlfriend, Him, Her, Wife, Husband or Engagement",4.4,6454,"Over 10000",16.95,"Delivery","Christmas",30000
"187",206,"10 Pack Hand Cream for Dry Cracked Hands, Valentines Day Gifts for Her, Birthday Gifts for Women Girls,Teacher Appreciation Gifts, Natural Plant Fragrance Mini Hand Lotion Moisturizing Hand Care Cream",4.4,3677,"Over 10000",9.98,"Delivery","Christmas",20000
"188",207,"Gift Set for Women Body & Earth Gifts for Women Lavender Gift Baskets For Women Bath Sets for Women Gift with Bubble Bath Body Lotion Scented Candle Christmas Gifts for Women Bath Gifts for Women",4.6,9680,"Over 1000",23.99,"$11.12 delivery","Christmas",9000
"189",208,"Immersion Blender Handheld Corded Hand Blender 1100W, Trigger Variable Speed 5 in 1 Stick Blender, Emulsion Blender with Chopper, Whisk and Frother for Soup, Baby Food and Smoothies",4.5,2137,"Over 10000",39.99,"Delivery","Christmas",20000
"190",209,"iJuqi Mother's Day Gifts from Daughter Son for Mom Birthday Valentine's Day Christmas Gifts Mom Keychain Mother Keyring",4.8,252,"Over 10000",5.98,"Delivery","Christmas",10000
"191",210,"Northern Galaxy Light Aurora Projector with 33 Light Effects, Night Lights LED Star Projector for Bedroom Nebula Lamp, Remote Control, White Noises, Bluetooth Speaker for Parties",4.5,6019,"Over 10000",39.99,"Delivery","Christmas",10000
"192",211,"LEGO Art Mona Lisa Building Sets - Leonardo da Vinci Adult Puzzles for Display, Ages 18+ - DIY Crafts for Men, Women & Art Lovers - Gifts for Christmas - Includes Detachable Frame - 31213",4.8,117,"Over 1000",98.99,"Delivery","Christmas",5000
"193",212,"Jekeno Glow in The Dark Gaming Blanket Gamer Game Controller Throw Gift Toys for Kids Boys Teen Son Adults Gamepad Presents Easter Birthday Christmas Bedroom Decor Luminous Blanket Grey 50""x60""",4.6,4181,"Over 10000",25.99,"Delivery","Christmas",20000
"194",213,"YZKKE 5Pack Womens Vintage Winter Soft Warm Thick Cold Knit Wool Crew Socks, Multicolor, free size",4.6,26623,"Over 10000",12.99,"Delivery","Christmas",10000
"195",214,"Birthday Gifts for Women, Sending Sunshine Christmas Gifts, Get Well Soon Gifts Basket Care Package Unique Spa Gifts Box with Wine Glasses for Thinking of You Her Sister Best Friend",4.8,1363,"Over 1000",19.99,"Delivery","Christmas",5000
"196",215,"YLL Mini Karaoke Machine for Kids Adults, Portable Bluetooth Speaker with 2 Wireless Microphones, Birthday Gifts Toys for Girls Ages 4, 5, 6,7, 8,9,10,11,12+ Years Old Toddler (Lightpink)",4.6,3903,"Over 10000",24.99,"Delivery","Christmas",20000
"197",216,"Solar Outdoor Lanterns, Butterflies Garden Decor LED Light Hanging Waterproof Solar Metal Lantern Christmas Gifts for Women Mon Grandma Sunflower Solar Lights Outdoor Decoration for Patio Pathway Yard",4.3,339,"Over 1000",26.99,"Delivery","Christmas",2000
"198",217,"Inspirational Tree of Life Leather Bracelets for Women,Birthday Mothers Day Jewelry Gifts for Teen Girls",4.6,11858,"Over 1000",12.99,"Delivery","Christmas",7000
"199",218,"Storm Glass Weather Predictor, Weather Forecaster, Teardrop Glass Barometer, Christmas Decorative Glass Bottle for Home and Office, Scandinavian Style Decorative Cool Weather Unusual Gifts for Family",4.2,23,"100-1000",29.99,"Delivery","Christmas",300
"200",219,"Heating Pad for Neck and Shoulder Pain Relief, Christmas Gifts for Women Mom Men Dad, Weighted Heating Pad for Back, 6 Heat Settings, Auto Shut Off, Anniversary Birthday Gifts, Large 17x23inch, Blue",4.6,1148,"Less than 100",34.99,"Delivery","Christmas",NA
"201",220,"VOBAGA Coffee Mug Warmer (No Mug), Electric Coffee Warmer for Office Desk Accessories with Auto Shut Off, 3 Temperature Setting Smart Cup Warmer for Heating Coffee, Beverage, Milk and Tea",4.3,6848,"Over 1000",24.97,"Delivery","Christmas",4000
"202",221,"80Pcs Party Favors for Kids 4-8, Kawaii Squishies Mochi Squishy Toy Bulk Fidget Sensory Toys Birthday Gifts for Boys Girls Goodie Bag Christmas Stocking Stuffers Treasure Box Classroom Prizes",4.5,1189,"Over 10000",19.99,"Delivery","Christmas",10000
"203",222,"Interchangeable Seasonal Welcome Sign Front Door Decoration, Rustic Round Wood Wreaths Wall Hanging Outdoor, Farmhouse, Porch, for Spring Summer Fall All Seasons Holiday Halloween Christmas.",4.6,6182,"Over 1000",20.99,"Delivery","Christmas",7000
"204",223,"Katamco The Original Toilet Timer (Classic), As Seen on Shark Tank. Funny Gift for Men, Husband, Dad, Son, Birthday, Christmas, Stocking Stuffer.",4.6,19994,"Over 10000",16.99,"Delivery","Christmas",30000
"205",224,"Candle Warmer Lamp with 7 LED Colors Changing,Candle Warmer with Timer Dimmer, Electric Candle Lamp with Adjustable Height Home Decor for Secented Jar Candles Christmas Gift for Mom Women",4.6,82,"Over 1000",34.99,"Delivery","Christmas",1000
"206",225,"Birthday Gifts for Women, Friend, Mom, Sister Christmas Gifts, Self Care Gift Baskets, Relaxation Spa Gifts Set with Luxury Blanket for Women Birthday, Christmas, Valentine ,Mothers Day Gifts",4.5,25,"100-1000",39.99,"Delivery","Christmas",600
"207",226,"Hummingbird Solar Lanterns Outdoor Waterproof, 14.6'' Large Lamps, Upgraded 2000mAH Battery, Metal Christmas Gifts for Women, Garden Decor",4.9,10,"Less than 100",35.99,"Delivery","Christmas",NA
"208",227,"Premium Glass Nail File with Case, Crystal Diamond Salon Best Beauty Nail Buffer for Natural and Acrylic Nails Christmas Gift for Woman and Man,Apricot",4.5,6076,"Over 10000",7.59,"Delivery","Christmas",20000
"209",228,"Refasy Piggy Bank Cash Coin Can ATM Bank Electronic Coin Money Bank for Kids-Hot Gift",4.5,13737,"Over 10000",24.99,"Delivery","Christmas",10000
"210",229,"Massage Gun, Muscle Massage Gun for Athletes Handheld Electric Deep Tissue Back Massager, Percussion Massage Device for Pain Relief with 30 Speed Levels 9 Heads,Father's Day Gifts",4.3,11397,"Over 10000",33.99,"Delivery","Christmas",20000
"211",230,"28 Pack Hand Cream Set-Valentines Day Gifts for Her,Women Gifts for Birthday,Bridesmaid Gifts Teacher Appreciation Gifts Nurse Gifts,Bulk Birthday Gifts Travel Size Hand Lotion for Dry Cracked Hands",4.6,3437,"Over 10000",14.99,"Delivery","Christmas",10000
"212",231,"MBL Inspirational Crochet Positive Duck – Handmade Emotional Cheer Support Funny Pickle Potato Nuggets for Women Men Friends Coworkers, Birthday Christmas Valentines Valentine's Gift for Him Her",4.8,644,"Over 10000",9.99,"Delivery","Christmas",10000
"213",233,"Winter Hat Scarf Gloves and Ear Warmer, Warm Knit Beanie Hat Touch Screen Gloves Set Winter Gifts Neck Scarves for Women",4.2,1270,"Over 1000",24.99,"Delivery","Christmas",8000
"214",234,"Aganear Fleece Throw Blanket - Cozy Soft Lightweight Fuzzy Throw Blanket for Women Portable Throw Blankets for Couch, Warm Present for Birthday, Christmas, Halloween, Housewarming(50""x60"", Khaki)",4.4,848,"Over 1000",12.1,"Delivery","Christmas",8000
"215",235,"Wrangler Authentics Men's Long Sleeve Quilted Lined Flannel Shirt Jacket with Hood",4.6,49935,"Over 1000",26.78,"Delivery","Christmas",3000
"216",236,"Birthday Gifts for Women, Self Care Gifts for Women, Gifts for Mom, Get Well Soon Care Package with Luxury Flannel Blanket, Christmas Relaxing Spa Box Idea for Mom Her Best Friends Sister",4.8,612,"Over 1000",34.39,"Delivery","Christmas",5000
"217",237,"Gifts for Women, Bath and Body Gift Sets for Women with 5 Pcs Ocean Scented Spa Gifts for Women, Bath Gifts for Women with Scented Candle Body Butter Hand Cream Bath Bomb Womens Gifts for Christmas",4.6,7163,"Over 1000",15.99,"Delivery","Christmas",5000
"218",238,"Burt's Bees Lip Balm Stocking Stuffers, Moisturizing Lip Care Christmas Gifts, Original Beeswax, Strawberry, Coconut & Pear, Vanilla Bean with Fruit Extracts, Natural Origin Lip Care (4-Pack)",4.8,91614,"Over 10000",10.97,"Delivery","Christmas",60000
"219",239,"SFOUR Star Projector,Galaxy Night Light,Astronaut Starry Nebula Ceiling LED Lamp with Timer and Remote, Gift for Kids Adults for Bedroom, Birthdays,Christmas, Valentine's Day.(White)",4.6,3354,"Over 10000",34.99,"Delivery","Christmas",10000
"220",240,"Jeasona Women's Cat Socks Cat Gifts Cute Animal Socks Dog Owl Gifts for Women",4.7,34438,"Over 10000",12.99,"Delivery","Christmas",30000
"221",241,"LANDNEOO 4pcs Set Vintage Coffee Mugs gifts for women, Overnight Oats Containers with Bamboo Lids and Spoons - 14oz Clear Embossed Glass Cups, Cute Coffee Bar Accessories, Iced Coffee Glasses",4.7,3379,"Over 1000",26.99,"Delivery","Christmas",5000
"222",242,"The Book of Unusual Knowledge",4.6,19599,"Less than 100",10,"Delivery","Christmas",NA
"223",243,"Mom, I Want to Hear Your Story: A Mother’s Guided Journal To Share Her Life & Her Love (Hear Your Story Books)",4.7,14033,"Less than 100",11.95,"Delivery","Christmas",NA
"224",244,"LC-dolida Sleep Headphones, 3D Sleep Mask Bluetooth Wireless Music Eye Mask, Sleeping Headphones for Side Sleepers Sleep Mask with Bluetooth Headphones Ultra-Thin Stereo Speakers Perfect for Sleeping",4.2,22152,"Over 10000",29.99,"Delivery","Christmas",10000
"225",245,"Heavy Duty Wrapping Paper Organizer Storage Bag Red - Christmas Storage Organizer For Wrapping Paper And Gift Bag Storage - Wrapping Paper Storage Container - Holiday Christmas Decorations",4,376,"Over 1000",17.96,"Delivery","Christmas",9000
"226",246,"Vlando Travel Jewelry Box, Small Jewelry Travel Organizer Case Travel Essentials Christmas Gift for Women Girl - Pink",4.6,721,"Over 1000",6.99,"Delivery","Christmas",4000
"227",247,"Kendra Scott Elisa Pendant Necklace for Women, Fashion Jewelry, 14k Gold-Plated",4.6,17434,"Over 1000",48,"Delivery","Christmas",5000
"228",248,"ASELFAD Morse Code Bracelets for Women, Valentines Day Gifts for Her, Funny Birthday Gifts for Women, Best Friend Friendship Gifts for Women, Inspirational Jewelry for Women Teens",4.7,3906,"Over 1000",11.98,"Delivery","Christmas",9000
"229",249,"Montana West 3PCS Purses and Handbags for Women Tote Purse and Wallet Set Shoulder Satchel Bag for Women",4.5,4996,"Over 1000",39.99,"Delivery","Christmas",2000
"230",250,"Gildan Men's Crew T-Shirts, Multipack, Style G1100",4.6,302573,"Over 1000",19.99,"Delivery","Christmas",5000
"231",252,"The Night Before Christmas at Dunder Mifflin: A hilarious and heartwarming retelling of a Christmas classic and perfect holiday gift for fans of The Office.",4.7,113,"Less than 100",17.99,"Delivery","Christmas",NA
"232",253,"Mini Karaoke Machine for Kids, Christmas Birthday Gifts for Girls Boys Toy 4, 5, 6, 7, 8, 9, 10, 12+, Portable Bluetooth Speaker with 2 Wireless Mics, Karafun Premium Songs for All Ages(Purple)",4.6,1248,"Over 1000",20.89,"Delivery","Christmas",9000
"233",254,"(Paper Airplanes) - Klutz Book of Paper Aeroplanes Craft Kit",4.7,7927,"Over 10000",10.92,"Delivery","Christmas",30000
"234",255,"Womens Winter Warm Knit Beanie Hat Touchscreen Gloves Long Neck Scarf Set with Fleece Lined Skull Caps Gifts for Women",4.6,4403,"Over 1000",23.99,"$9.14 delivery","Christmas",1000
"235",257,"Natural Crystals Keychain Gift for New Beginnings, Healing Stones Keychain Gifts for Anxiety Relief.",4.7,45,"Over 1000",7.99,"Delivery","New Year",1000
"236",258,"Body Restore Shower Steamers Aromatherapy 6 Pack - Christmas Gifts for Women, Stocking Stuffers, Birthday Gifts for Mom, White Elephant Gift, Travel Essentials, Bath Bombs - Bloom",4.4,15030,"Over 10000",16.99,"Delivery","New Year",60000
"237",259,"Big Dot of Happiness Chinese New Year - 2025 Year of The Snake Game Scratch Off Fortune Cards - 22 Count",4.5,496,"100-1000",11.49,"Delivery","New Year",900
"238",260,"A Year of Positive Thinking: Daily Inspiration, Wisdom, and Courage (A Year of Daily Reflections)",4.7,8393,"Less than 100",10.09,"Delivery","New Year",NA
"239",261,"Unboxme Gifts Warm & Cozy Ultra-Luxe Cloud Sock for Women & Men - Super Soft Luxurious Fabric Sleep Socks",4.7,1540,"Over 10000",9.99,"Delivery","New Year",40000
"240",262,"365 New Words-A-Year Page-A-Day® Calendar 2025: From the Editors of Merriam-Webster",4.5,89,"Less than 100",8.99,"Delivery","New Year",NA
"241",263,"Crystal Tree of Life 7 Chakra Healing Crystal Trees for Home Decor, Office Desk Decor, Living Room Decor, Handmade Bonsai Trees for Positive Energy, Money, Good Luck Birthday Gifts for Women, Mom",4.7,1026,"Over 10000",26.98,"$8.07 delivery","New Year",10000
"242",264,"Interchangeable Seasonal Welcome Sign Front Door Decoration, Rustic Round Wood Wreaths Wall Hanging Outdoor, Farmhouse, Porch, for Spring Summer Fall All Seasons Holiday Halloween Christmas.",4.6,6182,"Over 1000",20.99,"Delivery","New Year",7000
"243",265,"Burt's Bees Christmas Stocking Stuffers Gift Set - 6 Classic Products",4.7,86202,"Over 10000",22.61,"Delivery","New Year",10000
"244",266,"Birthday Gifts for Women, Get Well Soon Gifts, Relaxing Spa Care Package with Luxury Flannel Blanket - Valentines, Mothers Day, Christmas Gifts for Women, Mom, Wife, Girlfriend, Friends, Sis",4.7,469,"Over 1000",37.99,"Delivery","New Year",4000
"245",267,"New Year Gift: Cheers to a Fresh Start! May Your Year Be Just Right! Happy New Year! Decorative Bamboo Cutting Board with Handle, 12"" x 8""",4.6,19,"Less than 100",9.99,"Delivery","New Year",50
"246",268,"A Year of Us: A Couple's Journal: One Question a Day to Spark Fun and Meaningful Conversations (Question a Day Couple's Journal)",4.6,6695,"Less than 100",8.24,"Delivery","New Year",NA
"247",269,"Luditek Sound Activated Party Lights with Remote DJ Lighting, Disco Ball Strobe Stage Light for Home Room Dance Parties Birthday Karaoke Stocking Stuffers New Years Eve Halloween Christmas Decorations",4.5,42252,"Over 10000",9.99,"Delivery","New Year",10000
"248",270,"Happy New Year Drinking Glasses with Bamboo Lids and Glass Straw 4 PCS Set 16 oz Happy New Year Glasses Coffee Cup with 4 Brushes Can Shaped Glass Cups for New Year Party Gift",1,1,"Less than 100",25.99,"$11.12 delivery","New Year",NA
"249",271,"MESMOS Inspirational Christmas Gifts for Women, 366 Daily Affirmations, Stocking Stuffers, Perpetual Calendar, Mindfulness Self Care Gifts for Women, Office Desk Accessories for Work, Desk Decor",4.8,639,"Over 1000",19.95,"Delivery","New Year",3000
"250",272,"TOPDesign Personalized Initial Canvas Beach Bag, Monogrammed Gift Tote Bag for Women",4.8,13037,"Over 1000",16.99,"Delivery","New Year",1000
"251",273,"InnoBeta Year of Snake Gifts Socks, Chinese New Year 2025 Gifts, Symbol of The Year 2025 Snake Socks, Chinese New Year Socks, One Size Crew Socks",5,3,"Less than 100",19.99,"Delivery","New Year",50
"252",274,"6 Pcs Flamingo Gifts for Women Flamingo Lover Gifts for Girls Her Animal Lover Gift for New Year, Valentines Day, Birthday, Pink Flamingo Blanket with Stainless Steel Tumbler Bags Cute Socks Keychain",4.6,14,"Less than 100",31.99,"Delivery","New Year",50
"253",275,"TOPDesign Initial Canvas Tote Bag for Women, Personalized Birthday Gift, Casual Tassel Handbag with Wristlet Clutch",4.8,45,"Less than 100",22.99,"Delivery","New Year",NA
"254",277,"Grevosea Mini Funny Knitted Potato, 3 Inch Potato Doll Crochet Cute Wool Funny Knitted Potato Doll with Active Card Cheer up Gifts for Christmas Birthday Friends Party Decoration Encouragement",4.7,364,"100-1000",5.98,"Delivery","New Year",700
"255",278,"Body Restore Shower Steamers Aromatherapy 6 Pack, Relaxation Birthday Gifts for Women and Men, Stress Relief and Luxury Self Care - Variety",4.3,22282,"Over 10000",16.99,"Delivery","New Year",40000
"256",281,"Year of The Snake 2025 Cute Ornaments, New Year Snake Baby Honeycomb Centerpiece, Lunar New Year Party Supplies, Chinese Mascot Zodiac Gift Holiday Present Home Office Desk Table Decor",5,2,"Less than 100",12.49,"Delivery","New Year",NA
"257",282,"Solar Lanterns Outdoor Waterproof Hummingbird Garden Decor Christmas Gifts for Women Mom Grandma Hanging Solar Lights Metal Solar Decoration Outside for Yard, Patio,Backyard,Porch",4.5,552,"Over 1000",26.99,"Delivery","New Year",6000
"258",283,"Skylety Chinese New Year 2025 Gifts Set Year of the Snake 2025 Gifts with Tumbler Socks Red Envelope and Snake Bracelets for Chinese New Year 2025 Men and Women Festive Gifts",5,1,"100-1000",23.99,"Delivery","New Year",100
"259",284,"Luditek 2-Pack Sound Activated Party Lights with Remote Control, Disco Ball Light, DJ Strobe Lamp for Home Room Dance Party Supplies White Elephant Gifts Birthday Christmas Halloween Party Decorations",4.6,16070,"Over 10000",16.99,"Delivery","New Year",10000
"260",285,"Women and Men Autumn and Winter Happy New Year Knitted Hat Thick Soft Warm Chunky Beanie Crochet Beanie for Christmas",4.1,15,"100-1000",14.99,"Delivery","New Year",400
"261",286,"The Hygge Game - Cozy Conversation In Pleasant Company Multicolored, White,14 years",4.7,3277,"Over 1000",16.41,"Delivery","New Year",8000
"262",287,"Happy New Year Gift Bags with Handles 12 Pack New Years Eve Party Favors Candy Treat Goodie Bags for Happy New Year Decorations 2025 | New Years Party Favors | New Years Eve Party Supplies",5,1,"100-1000",14.99,"$8.09 delivery","New Year",100
"263",288,"Funny 40th Birthday Gifts 1985 Birthday Gifts 40 Year Birthday Gifts for Women 12 Oz Stainless Steel Insulated Wine Tumbler for Women Men Friend Coworker Christmas Graduation",4.7,36,"Less than 100",15.99,"Delivery","New Year",NA
"264",289,"Yoiemivy Chinese New Year Gifts 2025 Year of the Snake Gifts for Women Men Mom Father Colleague, 20 oz Stainless Steel Insulated Tumbler with Lid and Straw, Gifts for Lunar New Year",5,2,"Less than 100",16.99,"Delivery","New Year",NA
"265",290,"Mifoci 13.7"" Cardboard Number for Charcuterie Graduation Photo Booth Props Birthday Party Anniversary Fillable Paper Mache Chocolate Candy Cupcake Christmas New Year Gifts(Black,Number 3)",4.4,83,"Less than 100",18.99,"Delivery","New Year",NA
"266",291,"Happy New Year Christmas Gifts for Women-Valentines Day Gifts for Her-Unique New Year Gift Baskets for Women Gift Ideas-Holiday Spa Birthday Gift Set-Gifts for Mom Wife Grandma Friend Sister Coworker",4.9,37,"100-1000",24.99,"Delivery","New Year",300
"267",292,"Romantic Couple Gifts - Fun & Adventurous Scratch Off Date Night Ideas Card Game - Special for Couple: Birthday Gifts for Boyfriend, Girlfriend, Him, Her, Wife, Husband or Engagement",4.4,6454,"Over 10000",16.95,"Delivery","New Year",30000
"268",293,"AVOIN colorlife Happy New Year Gnome Fireworks Throw Pillow Cover, 12 x 20 Inch Winter Holiday Party Star Cushion Case Decoration for Sofa Couch",4.6,3,"100-1000",6.99,"Delivery","New Year",200
"269",294,"CPLA Moon Lamp Upgrade 128 Colors, Gifts for Girls Boys Kids Women Birthday, Teen Girl Gifts Trendy Stuff, Cool Astronomy Gifts, Shelf Decor, Remote & Touch Control Moon Night Light, Diameter 6 inch",4.4,2935,"Over 1000",15.99,"Delivery","New Year",6000
"270",295,"The One Year Bible NLT (Softcover): The Entire Bible in 365 Readings in the Clear and Trusted New Living Translation",4.8,3592,"Less than 100",10.92,"Delivery","New Year",NA
"271",296,"ORNACELE 2 Pack New Years Eve Gift Bags, 13 x 10.2 x 4.9 in, with Cards and Tissue Paper, NYE Paper Bags for Happy New Year Party Favor",5,2,"100-1000",4.99,"Delivery","New Year",200
"272",297,"Dinosaur Toys for Kids 3-5, Dinosaur Toys for Kids 2-4, Christmas Gifts for 2 Year Old Boy, Gifts for 3 Year Old Boys, Toddler Dinosaur Backpack",4.8,22782,"Over 10000",23.97,"Delivery","New Year",10000
"273",298,"Seven Chakra Crystal Tree Birthday Gifts for Women, Crystal Tree of Life Sister Birthday Gifts Home Decor Birthday Gifts for Mom Positive Energy New Home House Warming Gifts for Women",4.5,9855,"Over 1000",29.98,"Delivery","New Year",4000
"274",299,"2025 Year of The Snake Cards Happy Chinese New Year Card 3D Pop Up Card Wish You Lucky Prosperous Snake Year Greeting Card with Envelope Chinese Lunar New Year Card",5,17,"100-1000",13.49,"Delivery","New Year",500
"275",300,"Dad Joke Calendar 2025, Page A Day Tear Off Calendar Gift For The Dad Joke Lover, Great Christmas Gift, Funny Daily Dad Jokes Desk Calendar (2025 Calendar)",4.8,332,"Over 10000",9.99,"Delivery","New Year",10000
"276",302,"Can't Help Falling in Love Wood Music Box, Antique Engraved Musical Boxes Case for Love One Wooden Music Box - Gifts for Lover, Boyfriend, Girlfriend, Husband, Wife (BLACK)",4.3,7061,"Over 1000",12.88,"Delivery","New Year",8000
"277",304,"YATSKIA 7 Chakra Tree of Life, Crystals and Healing Stones, Birthday Gifts for Women - Crystal Tree for Positive Energy, Office Decor, Gifts for Women, Mom Birthday Gifts for Women",4.6,2865,"Over 1000",29.99,"Delivery","New Year",4000
"278",305,"Snake New Year Scratch off Fortune Cards with Chinese Red Envelopes 2025 Year of The Snake Party Games for Lunar New Year Presents Gifts Decorations 2025 New Year Party Scratch Activities",5,7,"100-1000",8.99,"Delivery","New Year",200
"279",306,"Intelligent Change The Five Minute Journal - Original Daily Gratitude Journal 2025 for Happiness, Mindfulness & Reflection - Daily Affirmations - Undated Life Planner Journal for Women & Men",4.6,16687,"Over 10000",28.49,"Delivery","New Year",10000
"280",307,"Skylety Chinese New Year 2025 Gifts Set Year of the Snake 2025 Gifts with Tumbler Socks Red Envelope and Snake Bracelets for Chinese New Year 2025 Men and Women Festive Gifts",5,1,"100-1000",23.99,"Delivery","New Year",100
"281",308,"2025 Happy Chinese New Year Card 3D Pop Up Card Year of The Snake Cards Wish You Lucky Prosperous Chinese New Year Snake Year Greeting Card with Envelope Chinese Lunar New Year Gift Card",4.9,15,"100-1000",7.99,"Delivery","New Year",200
"282",309,"Solar Lanterns Outdoor Waterproof Butterfly Garden Decor Lantern Birthday Gifts for Women Mom Grandma, Hanging Solar Lights Metal Solar Decoration Outside for Yard, Patio, Backyard, Porch",4.5,687,"Over 1000",26.99,"Delivery","New Year",3000
"283",310,"New Years Eve Party Bags Happy New Year Gift Bags Party Favors 12ct",5,8,"100-1000",9.99,"$7.87 delivery","New Year",100
"284",311,"Wiooffen 50PCS Chinese New Year Scratch Off Cards Year of The Snake Scratch Off Fortune Cards with 25 Chinese Fortune Coins 2025 Chinese New Year Party Decorations Lunar New Year Party Supplies",4.6,5,"100-1000",16.99,"Delivery","New Year",100
"285",312,"PUDDING CABIN Inspirational Gifts for Women Ring Dish You're Awesome So This is Your Remind Birthday Gifts for Women Unique, Friends Gifts For Women Her Mom Sister Coworker Christmas Gifts",4.8,5817,"Over 1000",9.58,"Delivery","New Year",3000
"286",313,"2025 New Year of Snake Beaded Charm Bracelets Colorful Crystal Pi Yao Snake Pendant Bracelet Adjustable Chinese Zodiac Feng Shui Lucky Amulet Stretch Bracelet for Women Men New Year Gifts",5,2,"100-1000",5.69,"$12.32 delivery","New Year",100
"287",314,"OUMILAN Pocket Hug Token Gifts for Men Boyfriend Girlfriend Inspirational Gift for Son Daughter Brother with Leather Keychain",4.7,1213,"Over 1000",8.99,"Delivery","New Year",3000
"288",315,"HOME SMILE Ceramic Ring Dish Jewelry Tray for Mom Sister Friends",4.8,25552,"Over 1000",14.99,"Delivery","New Year",3000
"289",316,"Hummingbird Solar Lanterns Outdoor Waterproof Garden Decor Birthday Gifts for Women Mom Grandma, Hanging Solar Lights Metal Solar Decoration Outside for Yard, Patio, Backyard, Porch",4.5,687,"Over 1000",26.99,"Delivery","New Year",1000
"290",317,"Cell Phone Stand with Wireless Bluetooth Speaker and Anti-Slip Base HD Surround Sound Perfect for Home and Outdoors with Bluetooth Speaker for Desk Compatible with iPhone/ipad/Samsung Galaxy",4.5,10229,"Over 10000",26.99,"Delivery","New Year",10000
"291",318,"TOPDesign Initial Canvas Tote Bag for Women, Personalized Birthday Gift, Casual Tassel Handbag with Wristlet Clutch",4.8,45,"Less than 100",22.99,"Delivery","New Year",50
"292",319,"Hummingbird Solar Lanterns Garden Decor Birthday Gifts for Women Mon Grandma Metal Hanging Solar Lights Waterproof Outdoor Decoration for Outside LED Lanterns for Yard Patio Lawn Pathway Landscape",4.3,339,"Over 1000",26.99,"Delivery","New Year",4000
"293",320,"Canvas One Line a Day: A Five-Year Memory Book (Yearly Memory Journal and Diary, Natural Canvas Cover)",4.7,4498,"Less than 100",15.26,"Delivery","New Year",NA
"294",321,"TOPDesign Personalized Initial Canvas Beach Bag, Monogrammed Gift Tote Bag for Women",4.8,13037,"Over 1000",16.99,"Delivery","New Year",1000
"295",322,"Yoiemivy Chinese New Year Gifts 2025 Year of the Snake Gifts for Women Men Mom Father Colleague, 20 oz Stainless Steel Insulated Tumbler with Lid and Straw, Gifts for Lunar New Year",5,2,"Less than 100",16.99,"Delivery","New Year",NA
"296",323,"Moose Master - Laugh Until You Cry Fun - Your Cheeks Will Hurt from Smiling and Laughing so Hard - for Fun People Looking for A Hilarious Night in a Box",4.5,3648,"Over 10000",21.99,"Delivery","New Year",30000
"297",324,"Chinese New Year Red Envelopes Snake 2025, Lunar New Year of the Snake Envelope, Chinese New Year Decorations 2025 Lunar New Years Gifts with 6 Different Gold Patterns (18 Pcs 6.69 * 3.54in)",4.8,57,"Over 1000",6.99,"Delivery","New Year",1000
"298",326,"The Night Before Lunar New Year",4.7,57,"Less than 100",5.57,"Delivery","New Year",NA
"299",327,"Dragon Touch 10.1'' WIFI Digital Picture Frame - 1280*800 HD IPS Touch Screen Digital Photo Frame Display, Auto-Rotate, Share Photos/Videos Instantly via Free App Best Gifts for Birthday, Wedding, Mom",4.5,10109,"Over 10000",43.99,"Delivery","New Year",10000
"300",328,"7 Chakra Tree Of Life Decor, Crystal Tree For Positive Energy, Gemstones And Crystals, Womens Birthday Gifts, Feng Shui Tree, Gem Tree Stones, Crystal Gifts, Home Decor, Chakra Decor, Spiritual Gifts",4.6,4159,"Over 1000",29.99,"Delivery","New Year",1000
"301",329,"5-in-1 Bamboo Charcuterie Board - 360° Rotating, Tiered, Detachable, Easy to Clean - Ideal Gift for Christmas, New Year, Wedding, Housewarming and Party",4.7,95,"Over 1000",29.98,"Delivery","New Year",1000
"302",330,"Cell Phone Stand with Wireless Bluetooth Speaker and Anti-Slip Base HD Surround Sound Perfect for Home and Outdoors with Bluetooth Speaker for Desk Compatible with iPhone/ipad/Samsung Galaxy",4.5,10229,"Over 10000",26.99,"Delivery","New Year",10000
"303",332,"Interesting Facts For Curious Minds: 1572 Random But Mind-Blowing Facts About History, Science, Pop Culture And Everything In Between",4.5,12340,"Less than 100",10.59,"Delivery","New Year",NA
"304",333,"Happy New Year Earring for Women Glitter Bling Rhinestone Star Letter New Year Holiday Earrings Festive Party Jewelry Gifts",5,11,"Less than 100",9.99,"Delivery","New Year",50
"305",334,"Onebttl Chinese New Year 2025 Gifts - Year of The Snake - 12oz/350ml Double Wall Vacuum Insulated Stainless Steel Mug with Lid - Decorations for Lunar New Year - Red",4.8,33,"Less than 100",23.99,"Delivery","New Year",50
"306",335,"A Year of Self-Care: Daily Practices and Inspiration for Caring for Yourself (A Year of Daily Reflections)",4.6,1368,"Less than 100",10.57,"Delivery","New Year",NA
"307",336,"Mifoci 13.7"" Cardboard Number for Charcuterie Photo Booth Props Birthday Party New Year Anniversary Fillable Paper Mache Cupcake Chocolate Candy Christmas Graduation Decorative Gifts(Number 2,Brown)",4.6,66,"Less than 100",18.99,"Delivery","New Year",NA
"308",337,"Best Year Yet: A Journal for Becoming Your Best Self (Self Improvement Journal, New Year's Gift, Mother's Day Gift)",4.6,41,"Less than 100",9.92,"Delivery","New Year",NA
"309",338,"Atonofun 2025 New Years Eve Party Supplies, 72 Pcs New Year Glasses Headband Tiara Noisemakers Horns Bead Necklaces and Plastic Leis 2025 New Year Party Favors Decorations Gifts for Kids Adults",3.7,6,"100-1000",17.99,"Delivery","New Year",400
"310",339,"Makeup Patches - Silver - Face Glitter Makeup Speckles - Glow Up Makeup Patches - Face Glitter Speckles Patches - Cute Glitter Makeup Accessories for Women - Cosmetic Glitter for Face - 6 Count",4.6,789,"Over 1000",15.99,"Delivery","New Year",6000
"311",340,"Chinese New Year Gifts 2025 Year of the Snake Gifts 12 oz Ceramic Coffee Mug with Spoon Red Personalized Porcelain Cup Funny Gift for Lunar New Year",4,1,"Less than 100",18.99,"Delivery","New Year",NA
"312",341,"ZOROSY Wood Makeup Mirrors for New Years - Rectangle Wall-Mounted Mirrors Table Mirrors for Living Room - New Years Gifts (16.5"" L x 12"" W)",4.5,1084,"100-1000",30.99,"Delivery","New Year",100
"313",344,"Mifoci 13.7"" Rose Gold Cardboard Number for Charcuterie Cupcake Birthday Party Decoration Wedding New Year Anniversary Fillable Paper Mache Chocolate Candy Christmas Graduation Gifts(Number 6 or 9)",4,10,"Less than 100",18.99,"Delivery","New Year",NA
"314",345,"4 Pack Happy New Year Eyeglasses Fancy New Year Party Glasses Funny Sunglasses Eyewear",4.5,133,"100-1000",7.59,"Delivery","New Year",900
"315",346,"Chuangdi 24 Pcs Happy New Year Party Cups 24oz Bulk 2025 New Year Eve Gifts Cups with Straw and Lid Reusable 2025 Tumbler for Team Employee Coworker 2025 New Years Eve Party Favor Supplies",2,2,"100-1000",23.99,"Delivery","New Year",100
"316",347,"12pcs 2025 New Years Eve Party Favor Treat Box Celebrate 2025 Treat Box Candy Goody Gift Boxes for Happy New Year party New Year Eve Party Supplies",4,10,"Less than 100",12.99,"$7.96 delivery","New Year",50
"317",348,"3 Pcs Chinese Lunar New Year 2025 Snake Fortune Bracelets, Adjustable Beaded Charm Red String Bracelets Charm Bracelet, Feng Shui Lucky Chinese Zodiac Animal Jewelry for Women Unisex Gift",4,2,"100-1000",12.99,"Delivery","New Year",100
"318",349,"wonuu Christmas Rubber Duck, Mini Ducky with New Year Accessories Tree Ball Sunglasses Necklace for Festival Gift Xmas Decoration Car Dashboard Ornament, Plaid Knitted Scarf-Red Cowboy Hat",5,4,"Less than 100",7.99,"Delivery","New Year",NA
"319",350,"12"" 3D Printed Dragon Egg Set with Gift Box & Card, Easter Eggs Mythical Dragon Eggs with Dragon Inside, Mystery Dragon, 3D Dragon Fidget for Birthday Gift, New Year Gift, Party Favours (RedGold)",5,2,"Less than 100",19.99,"Delivery","New Year",NA
"320",352,"Why a Son Needs a Mom: Celebrate Your Special Mother Son Bond this Valentine's Day with this Heartwarming Picture Book! (Always in My Heart)",4.9,4658,"Less than 100",6.05,"Delivery","New Year",NA
"321",353,"Squishy Puppy Night Light, Cute New Year Night Light as Gifts, Rechargerable Dimmable Nursery Soft Touch Bedside Baby Night Light, Portable and Wireless",5,2,"Less than 100",15.99,"Delivery","New Year",50
"322",354,"Veken 8 Set Packing Cubes for Travel, Gifts for Women Mom, Suitcase Organizer Bags for Luggage with Hanging Toiletry Bag and Shoe Bag, Vacation Essentials Travel Accessories for Cruise Ship",4.6,12964,"Over 10000",21.99,"Delivery","New Year",10000
"323",355,"MELASA Unisex Hat with Light, USB Rechargeable Hands Free Headlamp LED Beanie, Winter Gifts for Men Dad Father Husband Him",4.7,3263,"Over 1000",17.99,"Delivery","New Year",4000
"324",356,"NOWWISH Valentines Day Gifts for Him Men Husband - Awesome Coffee Mug, Inspirational Birthday & Holiday Presents for Men Him Boyfriend, 14oz Navy Blue",4.8,1357,"Over 1000",21.99,"Delivery","New Year",4000
"325",358,"Sieral 4 Pcs Year of the Snake 2025 Chinese New Year 2025 Gifts 12oz Snake Stainless Steel Mug with Lid, Snake Beaded Bracelets, Snake Keychain with Box, Red China Snake Decorations for Lunar New Year",5,5,"100-1000",29.99,"Delivery","New Year",100
"326",359,"2025 New Years Eve Glasses - 4PCS, Happy New Year Party Supplies Favors Decorations Gifts, NYE Plastic Glasses Eyewear Photo Booth Props, Class of 2025 Graduation Party Accessories",4.9,12,"100-1000",6.89,"Delivery","New Year",500
"327",361,"This Year I Will...: A 52-Week Guided Journal to Achieve Your Goals",4.6,2452,"Less than 100",9.69,"Delivery","New Year",NA
"328",362,"Nuogo 24 Pack Happy New Year Party Cups Bulk 2025 New Year Eve Gifts 24 oz Cups with Lids and Straws Glitter Tumbler Reusable Plastic Holiday Cup for Employee Students Party Drinking Filling Candies",4.1,4,"100-1000",27.99,"$11.62 delivery","New Year",100
"329",363,"15 PCS Glow Sticks, Glow in The Dark Party Supplies, Bulk Light Up Party Favors, Glow Bracelets Necklaces, Neon Party Decorations,Valentine's Day Birthday Wedding Camping Fun",4.7,574,"100-1000",14.99,"Delivery","New Year",700
"330",364,"New Morning Mercies: A Daily Gospel Devotional",4.8,12742,"Less than 100",11.49,"Delivery","New Year",NA
"331",365,"InnoBeta Year of Snake Gifts Socks, Chinese New Year 2025 Gifts, Symbol of The Year 2025 Snake Socks, Chinese New Year Socks, One Size Crew Socks",5,3,"Less than 100",19.99,"Delivery","New Year",50
"332",366,"RUSPEPA New Year Wrapping Paper Roll - Mini Roll - Black and Gold Design Great for New Year, Christmas, Holiday and Party - 17.5 Inches X 32.8 Feet",4.6,439,"100-1000",8.99,"Delivery","New Year",300
"333",368,"12 Pairs New Year Earrings Bulk Happy New Year Star Hat Balloon Earrings Set for Women Glitter Enamel NEW YEAR letter Dangle Earrings New Year's Eve Festive Holiday Party Earing Jewelry Gift",3.8,9,"100-1000",12.99,"Delivery","New Year",100
"334",369,"12 Pairs Happy New Year Glasses New Year's Eve Sunglasses Novelty 2025 Plastic Glasses Photo Props for New Year(Stylish Styles)",4.4,12,"100-1000",23.99,"Delivery","New Year",200
"335",370,"Warming Mat for Food, Graphene Full Surface Heating-Electric Warming Tray with 6 Temperature Settings and Timing Function, Portable Food Warmers for Parties Gatherings, Gray",4.4,37,"100-1000",69.99,"Delivery","New Year",900
"336",372,"Zhanmai 36 Pcs Happy New Year Black Gift Bags Bulk with Handles 8.27 x 5.91 x 3.15 Inch Kraft Paper Bag Shopping Retail Bags New Year Party Favor for Holiday Birthday (Gold Foiled)",4.8,6,"100-1000",21.99,"$9.59 delivery","New Year",100
"337",374,"LED Knit Santa Hat, Light Up Christmas Hats, LED Santa Hat for Women Men, Xmas Hat Christmas New Year Gifts",4.4,13,"Less than 100",8.99,"$7.91 delivery","New Year",50
"338",375,"Our Bucket List: A Journal for Couples: Create Your Dream Life Together and Record Your Adventures",4.6,1044,"Less than 100",9.99,"Delivery","New Year",NA
